<?xml version="1.0" encoding="UTF-8"?>
<!--
  ~ Licensed to the Apache Software Foundation (ASF) under one or more
  ~ contributor license agreements.  See the NOTICE file distributed with
  ~ this work for additional information regarding copyright ownership.
  ~ The ASF licenses this file to You under the Apache License, Version 2.0
  ~ (the "License"); you may not use this file except in compliance with
  ~ the License.  You may obtain a copy of the License at
  ~
  ~     http://www.apache.org/licenses/LICENSE-2.0
  ~
  ~ Unless required by applicable law or agreed to in writing, software
  ~ distributed under the License is distributed on an "AS IS" BASIS,
  ~ WITHOUT WARRANTIES OR CONDITIONS OF ANY KIND, either express or implied.
  ~ See the License for the specific language governing permissions and
  ~ limitations under the License.
  -->

<configuration>
    <jmxConfigurator></jmxConfigurator>
    <appender name="console" class="ch.qos.logback.core.ConsoleAppender">
        <encoder>
            <pattern>[%d{yyyy-MM-dd'T'HH:mm:ss.SSS'Z'}] %highlight([%p]) %msg%n</pattern>
        </encoder>
    </appender>

    <!-- Apache HttpClient -->
    <logger name="org.apache.http" level="ERROR" />

    <!-- Kafka -->
    <logger name="org.apache.kafka" level="ERROR" />
    <logger name="org.apache.zookeeper" level="ERROR" />
    <logger name="kafka" level="ERROR" />

    <root level="${logback.log.level:-INFO}">
        <appender-ref ref="console" />
    </root>
</configuration>