{
  "_id": "_design/whisks.v2.1.0",
  "language": "javascript",
  "views": {
    "activations": {
      "map": "function (doc) {\n  var PATHSEP = \"/\";\n  var isActivation = function (doc) { return (doc.activationId !== undefined) };\n  var summarize = function (doc) {\n    var endtime = doc.end !== 0 ? doc.end : undefined;\n    return {\n        namespace: doc.namespace,\n        name: doc.name,\n        version: doc.version,\n        publish: doc.publish,\n        annotations: doc.annotations,\n        activationId: doc.activationId,\n        start: doc.start,\n        end: endtime,\n        duration: endtime !== undefined ? endtime - doc.start : undefined,\n        cause: doc.cause,\n        statusCode: (endtime !== undefined && doc.response !== undefined && doc.response.statusCode !== undefined) ? doc.response.statusCode : undefined\n      }\n  };\n\n  if (isActivation(doc)) try {\n    var value = summarize(doc)\n    emit([doc.namespace, doc.start], value);\n  } catch (e) {}\n}\n",
      "reduce": "_count"
    }
  }
}
